亜,1,7,7,ア,
哀,2,9,7,アイ,あわ:れ・あわ:れむ
挨,3,10,7,アイ,
愛,4,13,4,アイ,
曖,5,17,7,アイ,
悪,6,11,3,アク・オ,わる:い
握,7,12,7,アク,にぎ:る
圧,8,5,5,アツ,
扱,9,6,7,,あつか:う
宛,10,8,7,,あ:てる
嵐,11,12,7,,あらし
安,12,6,3,アン,やす:い
案,13,10,4,アン,
暗,14,13,3,アン,くら:い
以,15,5,4,イ,
衣,16,6,4,イ,ころも
位,17,7,4,イ,くらい
囲,18,7,5,イ,かこ:む・かこ:う
医,19,7,3,イ,
依,20,8,7,イ・エ,
委,21,8,3,イ,ゆだ:ねる
威,22,9,7,イ,
為,23,9,7,イ,
畏,24,9,7,イ,おそ:れる
胃,25,9,6,イ,
尉,26,11,7,イ,
異,27,11,6,イ,こと
移,28,11,5,イ,うつ:る・うつ:す
萎,29,11,7,イ,な:える
偉,30,12,7,イ,えら:い
椅,31,12,7,イ,
彙,32,13,7,イ,
意,33,13,3,イ,
違,34,13,7,イ,ちが:う・ちが:える
維,35,14,7,イ,
慰,36,15,7,イ,なぐさ:める・なぐさ:む
遺,37,15,6,イ・ユイ,
緯,38,16,7,イ,
域,39,11,6,イキ,
育,40,8,3,イク,そだ:つ・そだ:てる・はぐく:む
一,41,1,1,イチ・イツ,ひと・ひと:つ
壱,42,7,7,イチ,
逸,43,11,7,イツ,
茨,44,9,4,,いばら
芋,45,6,7,,いも
引,46,4,2,イン,ひ:く・ひ:ける
印,47,6,4,イン,しるし
因,48,6,5,イン,よ:る
咽,49,9,7,イン,
姻,50,9,7,イン,
員,51,10,3,イン,
院,52,10,3,イン,
淫,53,11,7,イン,みだ:ら
陰,54,11,7,イン,かげ・かげ:る
飲,55,12,3,イン,の:む
隠,56,14,7,イン,かく:す・かく:れる
韻,57,19,7,イン,
右,58,5,1,ウ・ユウ,みぎ
宇,59,6,6,ウ,
羽,60,6,2,ウ,は・はね
雨,61,8,1,ウ,あめ・あま
唄,62,10,7,,うた
鬱,63,29,7,ウツ,
畝,64,10,7,,うね
浦,65,10,7,,うら
運,66,12,3,ウン,はこ:ぶ
雲,67,12,2,ウン,くも
永,68,5,5,エイ,なが:い
泳,69,8,3,エイ,およ:ぐ
英,70,8,4,エイ,
映,71,9,6,エイ,うつ:る・うつ:す・は:える
栄,72,9,4,エイ,さか:える・は:え・は:える
営,73,12,5,エイ,いとな:む
詠,74,12,7,エイ,よ:む
影,75,15,7,エイ,かげ
鋭,76,15,7,エイ,するど:い
衛,77,16,5,エイ,
易,78,8,5,エキ・イ,やさ:しい
疫,79,9,7,エキ・ヤク,
益,80,10,5,エキ・ヤク,
液,81,11,5,エキ,
駅,82,14,3,エキ,
悦,83,10,7,エツ,
越,84,12,7,エツ,こ:す・こ:える
謁,85,15,7,エツ,
閲,86,15,7,エツ,
円,87,4,1,エン,まる:い
延,88,8,6,エン,の:びる・の:べる・の:ばす
沿,89,8,6,エン,そ:う
炎,90,8,7,エン,ほのお
怨,91,9,7,エン・オン,
宴,92,10,7,エン,
媛,93,12,4,エン,
援,94,12,7,エン,
園,95,13,2,エン,その
煙,96,13,7,エン,けむ:る・けむり・けむ:い
猿,97,13,7,エン,さる
遠,98,13,2,エン・オン,とお:い
鉛,99,13,7,エン,なまり
塩,100,13,4,エン,しお
演,101,14,5,エン,
縁,102,15,7,エン,ふち
艶,103,19,7,エン,つや
汚,104,6,7,オ,けが:す・けが:れる・けが:らわしい・よご:す・よご:れる・きたな:い
王,105,4,1,オウ,
凹,106,5,7,オウ,
央,107,5,3,オウ,
応,108,7,5,オウ,こた:える
往,109,8,5,オウ,
押,110,8,7,オウ,お:す・お:さえる
旺,111,8,7,オウ,
欧,112,8,7,オウ,
殴,113,8,7,オウ,なぐ:る
桜,114,10,5,オウ,さくら
翁,115,10,7,オウ,
奥,116,12,7,オウ,おく
横,117,15,3,オウ,よこ
岡,118,8,4,,おか
屋,119,9,3,オク,や
億,120,15,4,オク,
憶,121,16,7,オク,
臆,122,17,7,オク,
虞,123,13,7,,おそれ
乙,124,1,7,オツ,
俺,125,10,7,,おれ
卸,126,9,7,,おろ:す・おろし
音,127,9,1,オン・イン,おと・ね
恩,128,10,6,オン,
温,129,12,3,オン,あたた:か・あたた:かい・あたた:まる・あたた:める
穏,130,16,7,オン,おだ:やか
下,131,3,1,カ・ゲ,した・しも・もと・さ:げる・さ:がる・くだ:る・くだ:す・くだ:さる・お:ろす・お:りる
化,132,4,3,カ・ケ,ば:ける・ば:かす
火,133,4,1,カ,ひ・ほ
加,134,5,4,カ,くわ:える・くわ:わる
可,135,5,5,カ,
仮,136,6,5,カ・ケ,かり
何,137,7,2,カ,なに・なん
花,138,7,1,カ,はな
佳,139,8,7,カ,
価,140,8,5,カ,あたい
果,141,8,4,カ,は:たす・は:てる・は:て
河,142,8,5,カ,かわ
苛,143,8,7,カ,
科,144,9,2,カ,
架,145,9,7,カ,か:ける・か:かる
夏,146,10,2,カ・ゲ,なつ
家,147,10,2,カ・ケ,いえ・や
荷,148,10,3,カ,に
華,149,10,7,カ・ケ,はな
菓,150,11,7,カ,
貨,151,11,4,カ,
渦,152,12,7,カ,うず
過,153,12,5,カ,す:ぎる・す:ごす・あやま:つ・あやま:ち
嫁,154,13,7,カ,よめ・とつ:ぐ
暇,155,13,7,カ,ひま
禍,156,13,7,カ,
靴,157,13,7,カ,くつ
寡,158,14,7,カ,
歌,159,14,2,カ,うた・うた:う
箇,160,14,7,カ,
稼,161,15,7,カ,かせ:ぐ
課,162,15,4,カ,
蚊,163,10,7,,か
牙,164,4,7,ガ・ゲ,きば
瓦,165,5,7,ガ,かわら
我,166,7,6,ガ,われ・わ
画,167,8,2,ガ・カク,
芽,168,8,4,ガ,め
賀,169,12,4,ガ,
雅,170,13,7,ガ,
餓,171,15,7,ガ,
介,172,4,7,カイ,
回,173,6,2,カイ・エ,まわ:る・まわ:す
灰,174,6,6,カイ,はい
会,175,6,2,カイ・エ,あ:う
快,176,7,5,カイ,こころよ:い
戒,177,7,7,カイ,いまし:める
改,178,7,4,カイ,あらた:める・あらた:まる
怪,179,8,7,カイ,あや:しい・あや:しむ
拐,180,8,7,カイ,
悔,181,9,7,カイ,く:いる・く:やむ・くや:しい
海,182,9,2,カイ,うみ
界,183,9,3,カイ,
皆,184,9,7,カイ,みな
械,185,11,4,カイ,
絵,186,12,2,カイ・エ,
開,187,12,3,カイ,ひら:く・ひら:ける・あ:く・あ:ける
階,188,12,3,カイ,
塊,189,13,7,カイ,かたまり
楷,190,13,7,カイ,
解,191,13,5,カイ・ゲ,と:く・と:かす・と:ける
潰,192,15,7,カイ,つぶ:す・つぶ:れる
壊,193,16,7,カイ,こわ:す・こわ:れる
懐,194,16,7,カイ,ふところ・なつ:かしい・なつ:かしむ・なつ:く・なつ:ける
諧,195,16,7,カイ,
貝,196,7,1,,かい
外,197,5,2,ガイ・ゲ,そと・ほか・はず:す・はず:れる
劾,198,8,7,ガイ,
害,199,10,4,ガイ,
崖,200,11,7,ガイ,がけ
涯,201,11,7,ガイ,
街,202,12,4,ガイ・カイ,まち
慨,203,13,7,ガイ,
蓋,204,13,7,ガイ,ふた
該,205,13,7,ガイ,
概,206,14,7,ガイ,
骸,207,16,7,ガイ,
垣,208,9,7,,かき
柿,209,9,7,,かき
各,210,6,4,カク,おのおの
角,211,7,2,カク,かど・つの
拡,212,8,6,カク,
革,213,9,6,カク,かわ
格,214,10,5,カク・コウ,
核,215,10,7,カク,
殻,216,11,7,カク,から
郭,217,11,7,カク,
覚,218,12,4,カク,おぼ:える・さ:ます・さ:める
較,219,13,7,カク,
隔,220,13,7,カク,へだ:てる・へだ:たる
閣,221,14,6,カク,
確,222,15,5,カク,たし:か・たし:かめる
獲,223,16,7,カク,え:る
嚇,224,17,7,カク,
穫,225,18,7,カク,
学,226,8,1,ガク,まな:ぶ
岳,227,8,7,ガク,たけ
楽,228,13,2,ガク・ラク,たの:しい・たの:しむ
額,229,18,5,ガク,ひたい
顎,230,18,7,ガク,あご
掛,231,11,7,,か:ける・か:かる・かかり
潟,232,15,4,,かた
括,233,9,7,カツ,
活,234,9,2,カツ,
喝,235,11,7,カツ,
渇,236,11,7,カツ,かわ:く
割,237,12,6,カツ,わ:る・わり・わ:れる・さ:く
葛,238,12,7,カツ,くず
滑,239,13,7,カツ・コツ,すべ:る・なめ:らか
褐,240,13,7,カツ,
轄,241,17,7,カツ,
且,242,5,7,,か:つ
株,243,10,6,,かぶ
釜,244,10,7,,かま
鎌,245,18,7,,かま
刈,246,4,7,,か:る
干,247,3,6,カン,ほ:す・ひ:る
刊,248,5,5,カン,
甘,249,5,7,カン,あま:い・あま:える・あま:やかす
汗,250,6,7,カン,あせ
缶,251,6,7,カン,
完,252,7,4,カン,
肝,253,7,7,カン,きも
官,254,8,4,カン,
冠,255,9,7,カン,かんむり
巻,256,9,6,カン,ま:く・まき
看,257,9,6,カン,
陥,258,10,7,カン,おちい:る・おとしい:れる
乾,259,11,7,カン,かわ:く・かわ:かす
勘,260,11,7,カン,
患,261,11,7,カン,わずら:う
貫,262,11,7,カン,つらぬ:く
寒,263,12,3,カン,さむ:い
喚,264,12,7,カン,
堪,265,12,7,カン,た:える
換,266,12,7,カン,か:える・か:わる
敢,267,12,7,カン,
棺,268,12,7,カン,
款,269,12,7,カン,
間,270,12,2,カン・ケン,あいだ・ま
閑,271,12,7,カン,
勧,272,13,7,カン,すす:める
寛,273,13,7,カン,
幹,274,13,5,カン,みき
感,275,13,3,カン,
漢,276,13,3,カン,
慣,277,14,5,カン,な:れる・な:らす
管,278,14,4,カン,くだ
関,279,14,4,カン,せき・かか:わる
歓,280,15,7,カン,
監,281,15,7,カン,
緩,282,15,7,カン,ゆる:い・ゆる:やか・ゆる:む・ゆる:める
憾,283,16,7,カン,
還,284,16,7,カン,
館,285,16,3,カン,やかた
環,286,17,7,カン,
簡,287,18,6,カン,
観,288,18,4,カン,
韓,289,18,7,カン,
艦,290,21,7,カン,
鑑,291,23,7,カン,かんが:みる
丸,292,3,2,ガン,まる・まる:い・まる:める
含,293,7,7,ガン,ふく:む・ふく:める
岸,294,8,3,ガン,きし
岩,295,8,2,ガン,いわ
玩,296,8,7,ガン,
眼,297,11,5,ガン・ゲン,まなこ
頑,298,13,7,ガン,
顔,299,18,2,ガン,かお
願,300,19,4,ガン,ねが:う
企,301,6,7,キ,くわだ:てる
伎,302,6,7,キ,
危,303,6,6,キ,あぶ:ない・あや:うい・あや:ぶむ
机,304,6,6,キ,つくえ
気,305,6,1,キ・ケ,
岐,306,7,4,キ,
希,307,7,4,キ,
忌,308,7,7,キ,い:む・い:まわしい
汽,309,7,2,キ,
奇,310,8,7,キ,
祈,311,8,7,キ,いの:る
季,312,8,4,キ,
紀,313,9,5,キ,
軌,314,9,7,キ,
既,315,10,7,キ,すで:に
記,316,10,2,キ,しる:す
起,317,10,3,キ,お:きる・お:こる・お:こす
飢,318,10,7,キ,う:える
鬼,319,10,7,キ,おに
帰,320,10,2,キ,かえ:る・かえ:す
基,321,11,5,キ,もと・もとい
寄,322,11,5,キ,よ:る・よ:せる
規,323,11,5,キ,
亀,324,11,7,キ,かめ
喜,325,12,5,キ,よろこ:ぶ
幾,326,12,7,キ,いく
揮,327,12,6,キ,
期,328,12,3,キ・ゴ,
棋,329,12,7,キ,
貴,330,12,6,キ,たっと:い・とうと:い・たっと:ぶ・とうと:ぶ
棄,331,13,7,キ,
毀,332,13,7,キ,
旗,333,14,4,キ,はた
器,334,15,4,キ,うつわ
畿,335,15,7,キ,
輝,336,15,7,キ,かがや:く
機,337,16,4,キ,はた
騎,338,18,7,キ,
技,339,7,5,ギ,わざ
宜,340,8,7,ギ,
偽,341,11,7,ギ,いつわ:る・にせ
欺,342,12,7,ギ,あざむ:く
義,343,13,5,ギ,
疑,344,14,6,ギ,うたが:う
儀,345,15,7,ギ,
戯,346,15,7,ギ,たわむ:れる
擬,347,17,7,ギ,
犠,348,17,7,ギ,
議,349,20,4,ギ,
菊,350,11,7,キク,
吉,351,6,7,キチ・キツ,
喫,352,12,7,キツ,
詰,353,13,7,キツ,つ:める・つ:まる・つ:む
却,354,7,7,キャク,
客,355,9,3,キャク・カク,
脚,356,11,7,キャク・キャ,あし
逆,357,9,5,ギャク,さか・さか:らう
虐,358,9,7,ギャク,しいた:げる
九,359,2,1,キュウ・ク,ここの・ここの:つ
久,360,3,5,キュウ・ク,ひさ:しい
及,361,3,7,キュウ,およ:ぶ・およ:び・およ:ぼす
弓,362,3,2,キュウ,ゆみ
丘,363,5,7,キュウ,おか
旧,364,5,5,キュウ,
休,365,6,1,キュウ,やす:む・やす:まる・やす:める
吸,366,6,6,キュウ,す:う
朽,367,6,7,キュウ,く:ちる
臼,368,6,7,キュウ,うす
求,369,7,4,キュウ,もと:める
究,370,7,3,キュウ,きわ:める
泣,371,8,4,キュウ,な:く
急,372,9,3,キュウ,いそ:ぐ
級,373,9,3,キュウ,
糾,374,9,7,キュウ,
宮,375,10,3,キュウ・グウ・ク,みや
救,376,11,5,キュウ,すく:う
球,377,11,3,キュウ,たま
給,378,12,4,キュウ,
嗅,379,13,7,キュウ,か:ぐ
窮,380,15,7,キュウ,きわ:める・きわ:まる
牛,381,4,2,ギュウ,うし
去,382,5,3,キョ・コ,さ:る
巨,383,5,7,キョ,
居,384,8,5,キョ,い:る
拒,385,8,7,キョ,こば:む
拠,386,8,7,キョ・コ,
挙,387,10,4,キョ,あ:げる・あ:がる
虚,388,11,7,キョ・コ,
許,389,11,5,キョ,ゆる:す
距,390,12,7,キョ,
魚,391,11,2,ギョ,うお・さかな
御,392,12,7,ギョ・ゴ,おん
漁,393,14,4,ギョ・リョウ,
凶,394,4,7,キョウ,
共,395,6,4,キョウ,とも
叫,396,6,7,キョウ,さけ:ぶ
狂,397,7,7,キョウ,くる:う・くる:おしい
京,398,8,2,キョウ・ケイ,
享,399,8,7,キョウ,
供,400,8,6,キョウ・ク,そな:える・とも
協,401,8,4,キョウ,
況,402,8,7,キョウ,
峡,403,9,7,キョウ,
挟,404,9,7,キョウ,はさ:む・はさ:まる
狭,405,9,7,キョウ,せま:い・せば:める・せば:まる
恐,406,10,7,キョウ,おそ:れる・おそ:ろしい
恭,407,10,7,キョウ,うやうや:しい
胸,408,10,6,キョウ,むね・むな
脅,409,10,7,キョウ,おびや:かす・おど:す・おど:かす
強,410,11,2,キョウ・ゴウ,つよ:い・つよ:まる・つよ:める・し:いる
教,411,11,2,キョウ,おし:える・おそ:わる
郷,412,11,6,キョウ・ゴウ,
境,413,14,5,キョウ・ケイ,さかい
橋,414,16,3,キョウ,はし
矯,415,17,7,キョウ,た:める
鏡,416,19,4,キョウ,かがみ
競,417,20,4,キョウ・ケイ,きそ:う・せ:る
響,418,20,7,キョウ,ひび:く
驚,419,22,7,キョウ,おどろ:く・おどろ:かす
仰,420,6,7,ギョウ・コウ,あお:ぐ・おお:せ
暁,421,12,7,ギョウ,あかつき
業,422,13,3,ギョウ・ゴウ,わざ
凝,423,16,7,ギョウ,こ:る・こ:らす
曲,424,6,3,キョク,ま:がる・ま:げる
局,425,7,3,キョク,
極,426,12,4,キョク・ゴク,きわ:める・きわ:まる・きわ:み
玉,427,5,1,ギョク,たま
巾,428,3,7,キン,
斤,429,4,7,キン,
均,430,7,5,キン,
近,431,7,2,キン,ちか:い
金,432,8,1,キン・コン,かね・かな
菌,433,11,7,キン,
勤,434,12,6,キン・ゴン,つと:める・つと:まる
琴,435,12,7,キン,こと
筋,436,12,6,キン,すじ
僅,437,13,7,キン,わず:か
禁,438,13,5,キン,
緊,439,15,7,キン,
錦,440,16,7,キン,にしき
謹,441,17,7,キン,つつし:む
襟,442,18,7,キン,えり
吟,443,7,7,ギン,
銀,444,14,3,ギン,
区,445,4,3,ク,
句,446,5,5,ク,
苦,447,8,3,ク,くる:しい・くる:しむ・くる:しめる・にが:い・にが:る
駆,448,14,7,ク,か:ける・か:る
具,449,8,3,グ,
惧,450,11,7,グ,
愚,451,13,7,グ,おろ:か
空,452,8,1,クウ,そら・あ:く・あ:ける・から
偶,453,11,7,グウ,
遇,454,12,7,グウ,
隅,455,12,7,グウ,すみ
串,456,7,7,,くし
屈,457,8,7,クツ,
掘,458,11,7,クツ,ほ:る
窟,459,13,7,クツ,
熊,460,14,4,,くま
繰,461,19,7,,く:る
君,462,7,3,クン,きみ
訓,463,10,4,クン,
勲,464,15,7,クン,
薫,465,16,7,クン,かお:る
軍,466,9,4,グン,
郡,467,10,4,グン,
群,468,13,4,グン,む:れる・む:れ・むら
兄,469,5,2,ケイ・キョウ,あに
刑,470,6,7,ケイ,
形,471,7,2,ケイ・ギョウ,かた・かたち
系,472,7,6,ケイ,
径,473,8,4,ケイ,
茎,474,8,7,ケイ,くき
係,475,9,3,ケイ,かか:る・かかり
型,476,9,5,ケイ,かた
契,477,9,7,ケイ,ちぎ:る
計,478,9,2,ケイ,はか:る・はか:らう
恵,479,10,7,ケイ・エ,めぐ:む
啓,480,11,7,ケイ,
掲,481,11,7,ケイ,かか:げる
渓,482,11,7,ケイ,
経,483,11,5,ケイ・キョウ,へ:る
蛍,484,11,7,ケイ,ほたる
敬,485,12,6,ケイ,うやま:う
景,486,12,4,ケイ,
軽,487,12,3,ケイ,かる:い・かろ:やか
傾,488,13,7,ケイ,かたむ:く・かたむ:ける
携,489,13,7,ケイ,たずさ:える・たずさ:わる
継,490,13,7,ケイ,つ:ぐ
詣,491,13,7,ケイ,もう:でる
慶,492,15,7,ケイ,
憬,493,15,7,ケイ,
稽,494,15,7,ケイ,
憩,495,16,7,ケイ,いこ:い・いこ:う
警,496,19,6,ケイ,
鶏,497,19,7,ケイ,にわとり
芸,498,7,4,ゲイ,
迎,499,7,7,ゲイ,むか:える
鯨,500,19,7,ゲイ,くじら
隙,501,13,7,ゲキ,すき
劇,502,15,6,ゲキ,
撃,503,15,7,ゲキ,う:つ
激,504,16,6,ゲキ,はげ:しい
桁,505,10,7,,けた
欠,506,4,4,ケツ,か:ける・か:く
穴,507,5,6,ケツ,あな
血,508,6,3,ケツ,ち
決,509,7,3,ケツ,き:める・き:まる
結,510,12,4,ケツ,むす:ぶ・ゆ:う・ゆ:わえる
傑,511,13,7,ケツ,
潔,512,15,5,ケツ,いさぎよ:い
月,513,4,1,ゲツ・ガツ,つき
犬,514,4,1,ケン,いぬ
件,515,6,5,ケン,
見,516,7,1,ケン,み:る・み:える・み:せる
券,517,8,6,ケン,
肩,518,8,7,ケン,かた
建,519,9,4,ケン・コン,た:てる・た:つ
研,520,9,3,ケン,と:ぐ
県,521,9,3,ケン,
倹,522,10,7,ケン,
兼,523,10,7,ケン,か:ねる
剣,524,10,7,ケン,つるぎ
拳,525,10,7,ケン,こぶし
軒,526,10,7,ケン,のき
健,527,11,4,ケン,すこ:やか
険,528,11,5,ケン,けわ:しい
圏,529,12,7,ケン,
堅,530,12,7,ケン,かた:い
検,531,12,5,ケン,
嫌,532,13,7,ケン・ゲン,きら:う・いや
献,533,13,7,ケン・コン,
絹,534,13,6,ケン,きぬ
遣,535,13,7,ケン,つか:う・つか:わす
権,536,15,6,ケン・ゴン,
憲,537,16,6,ケン,
賢,538,16,7,ケン,かしこ:い
謙,539,17,7,ケン,
鍵,540,17,7,ケン,かぎ
繭,541,18,7,ケン,まゆ
顕,542,18,7,ケン,
験,543,18,4,ケン・ゲン,
懸,544,20,7,ケン・ケ,か:ける・か:かる
元,545,4,2,ゲン・ガン,もと
幻,546,4,7,ゲン,まぼろし
玄,547,5,7,ゲン,
言,548,7,2,ゲン・ゴン,い:う・こと
弦,549,8,7,ゲン,つる
限,550,9,5,ゲン,かぎ:る
原,551,10,2,ゲン,はら
現,552,11,5,ゲン,あらわ:れる・あらわ:す
舷,553,11,7,ゲン,
減,554,12,5,ゲン,へ:る・へ:らす
源,555,13,6,ゲン,みなもと
厳,556,17,6,ゲン・ゴン,おごそ:か・きび:しい
己,557,3,6,コ・キ,おのれ
戸,558,4,2,コ,と
古,559,5,2,コ,ふる:い・ふる:す
呼,560,8,6,コ,よ:ぶ
固,561,8,4,コ,かた:める・かた:まる・かた:い
股,562,8,7,コ,また
虎,563,8,7,コ,とら
孤,564,9,7,コ,
弧,565,9,7,コ,
故,566,9,5,コ,ゆえ
枯,567,9,7,コ,か:れる・か:らす
個,568,10,5,コ,
庫,569,10,3,コ・ク,
湖,570,12,3,コ,みずうみ
雇,571,12,7,コ,やと:う
誇,572,13,7,コ,ほこ:る
鼓,573,13,7,コ,つづみ
錮,574,16,7,コ,
顧,575,21,7,コ,かえり:みる
五,576,4,1,ゴ,いつ・いつ:つ
互,577,4,7,ゴ,たが:い
午,578,4,2,ゴ,
呉,579,7,7,ゴ,
後,580,9,2,ゴ・コウ,のち・うし:ろ・あと・おく:れる
娯,581,10,7,ゴ,
悟,582,10,7,ゴ,さと:る
碁,583,13,7,ゴ,
語,584,14,2,ゴ,かた:る・かた:らう
誤,585,14,6,ゴ,あやま:る
護,586,20,5,ゴ,
口,587,3,1,コウ・ク,くち
工,588,3,2,コウ・ク,
公,589,4,2,コウ,おおやけ
勾,590,4,7,コウ,
孔,591,4,7,コウ,
功,592,5,4,コウ・ク,
巧,593,5,7,コウ,たく:み
広,594,5,2,コウ,ひろ:い・ひろ:まる・ひろ:める・ひろ:がる・ひろ:げる
甲,595,5,7,コウ・カン,
交,596,6,2,コウ,まじ:わる・まじ:える・ま:じる・ま:ざる・ま:ぜる・か:う・か:わす
光,597,6,2,コウ,ひか:る・ひかり
向,598,6,3,コウ,む:く・む:ける・む:かう・む:こう
后,599,6,6,コウ,
好,600,6,4,コウ,この:む・す:く
江,601,6,7,コウ,え
考,602,6,2,コウ,かんが:える
行,603,6,2,コウ・ギョウ・アン,い:く・ゆ:く・おこな:う
坑,604,7,7,コウ,
孝,605,7,6,コウ,
抗,606,7,7,コウ,
攻,607,7,7,コウ,せ:める
更,608,7,7,コウ,さら・ふ:ける・ふ:かす
効,609,8,5,コウ,き:く
幸,610,8,3,コウ,さいわ:い・さち・しあわ:せ
拘,611,8,7,コウ,
肯,612,8,7,コウ,
侯,613,9,7,コウ,
厚,614,9,5,コウ,あつ:い
恒,615,9,7,コウ,
洪,616,9,7,コウ,
皇,617,9,6,コウ・オウ,
紅,618,9,6,コウ・ク,べに・くれない
荒,619,9,7,コウ,あら:い・あ:れる・あ:らす
郊,620,9,7,コウ,
香,621,9,4,コウ・キョウ,か・かお:り・かお:る
候,622,10,4,コウ,そうろう
校,623,10,1,コウ,
耕,624,10,5,コウ,たがや:す
航,625,10,5,コウ,
貢,626,10,7,コウ・ク,みつ:ぐ
降,627,10,6,コウ,お:りる・お:ろす・ふ:る
高,628,10,2,コウ,たか:い・たか・たか:まる・たか:める
康,629,11,4,コウ,
控,630,11,7,コウ,ひか:える
梗,631,11,7,コウ,
黄,632,11,2,コウ・オウ,き・こ
喉,633,12,7,コウ,のど
慌,634,12,7,コウ,あわ:てる・あわ:ただしい
港,635,12,3,コウ,みなと
硬,636,12,7,コウ,かた:い
絞,637,12,7,コウ,しぼ:る・し:める・し:まる
項,638,12,7,コウ,
溝,639,13,7,コウ,みぞ
鉱,640,13,5,コウ,
構,641,14,5,コウ,かま:える・かま:う
綱,642,14,7,コウ,つな
酵,643,14,7,コウ,
稿,644,15,7,コウ,
興,645,16,5,コウ・キョウ,おこ:る・おこ:す
衡,646,16,7,コウ,
鋼,647,16,6,コウ,はがね
講,648,17,5,コウ,
購,649,17,7,コウ,
乞,650,3,7,,こ:う
号,651,5,3,ゴウ,
合,652,6,2,ゴウ・ガッ・カッ,あ:う・あ:わす・あ:わせる
拷,653,9,7,ゴウ,
剛,654,10,7,ゴウ,
傲,655,13,7,ゴウ,
豪,656,14,7,ゴウ,
克,657,7,7,コク,
告,658,7,5,コク,つ:げる
谷,659,7,2,コク,たに
刻,660,8,6,コク,きざ:む
国,661,8,2,コク,くに
黒,662,11,2,コク,くろ・くろ:い
穀,663,14,6,コク,
酷,664,14,7,コク,
獄,665,14,7,ゴク,
骨,666,10,6,コツ,ほね
駒,667,15,7,,こま
込,668,5,7,,こ:む・こ:める
頃,669,11,7,,ころ
今,670,4,2,コン・キン,いま
困,671,7,6,コン,こま:る
昆,672,8,7,コン,
恨,673,9,7,コン,うら:む・うら:めしい
根,674,10,3,コン,ね
婚,675,11,7,コン,
混,676,11,5,コン,ま:じる・ま:ざる・ま:ぜる・こ:む
痕,677,11,7,コン,あと
紺,678,11,7,コン,
魂,679,14,7,コン,たましい
墾,680,16,7,コン,
懇,681,17,7,コン,ねんご:ろ
左,682,5,1,サ,ひだり
佐,683,7,4,サ,
沙,684,7,7,サ,
査,685,9,5,サ,
砂,686,9,6,サ・シャ,すな
唆,687,10,7,サ,そそのか:す
差,688,10,4,サ,さ:す
詐,689,12,7,サ,
鎖,690,18,7,サ,くさり
座,691,10,6,ザ,すわ:る
挫,692,10,7,ザ,
才,693,3,2,サイ,
再,694,6,5,サイ・サ,ふたた:び
災,695,7,5,サイ,わざわ:い
妻,696,8,5,サイ,つま
采,697,8,7,サイ,
砕,698,9,7,サイ,くだ:く・くだ:ける
宰,699,10,7,サイ,
栽,700,10,7,サイ,
彩,701,11,7,サイ,いろど:る
採,702,11,5,サイ,と:る
済,703,11,6,サイ,す:む・す:ます
祭,704,11,3,サイ,まつ:る・まつ:り
斎,705,11,7,サイ,
細,706,11,2,サイ,ほそ:い・ほそ:る・こま:か・こま:かい
菜,707,11,4,サイ,な
最,708,12,4,サイ,もっと:も
裁,709,12,6,サイ,た:つ・さば:く
債,710,13,7,サイ,
催,711,13,7,サイ,もよお:す
塞,712,13,7,サイ・ソク,ふさ:ぐ・ふさ:がる
歳,713,13,7,サイ・セイ,
載,714,13,7,サイ,の:せる・の:る
際,715,14,5,サイ,きわ
埼,716,11,4,,さい
在,717,6,5,ザイ,あ:る
材,718,7,4,ザイ,
剤,719,10,7,ザイ,
財,720,10,5,ザイ・サイ,
罪,721,13,5,ザイ,つみ
崎,722,11,4,,さき
作,723,7,2,サク・サ,つく:る
削,724,9,7,サク,けず:る
昨,725,9,4,サク,
柵,726,9,7,サク,
索,727,10,7,サク,
策,728,12,6,サク,
酢,729,12,7,サク・ス,
搾,730,13,7,サク,しぼ:る
錯,731,16,7,サク,
咲,732,9,7,,さ:く
冊,733,5,6,サツ・サク,
札,734,5,4,サツ,ふだ
刷,735,8,4,サツ,す:る
刹,736,8,7,サツ・セツ,
拶,737,9,7,サツ,
殺,738,10,5,サツ・サイ・セツ,ころ:す
察,739,14,4,サツ,
撮,740,15,7,サツ,と:る
擦,741,17,7,サツ,す:る・す:れる
雑,742,14,5,ザツ・ゾウ,
皿,743,5,3,,さら
三,744,3,1,サン,み・み:つ・みっ:つ
山,745,3,1,サン,やま
参,746,8,4,サン,まい:る
桟,747,10,7,サン,
蚕,748,10,6,サン,かいこ
惨,749,11,7,サン・ザン,みじ:め
産,750,11,4,サン,う:む・う:まれる・うぶ
傘,751,12,7,サン,かさ
散,752,12,4,サン,ち:る・ち:らす・ち:らかす・ち:らかる
算,753,14,2,サン,
酸,754,14,5,サン,す:い
賛,755,15,5,サン,
残,756,10,4,ザン,のこ:る・のこ:す
斬,757,11,7,ザン,き:る
暫,758,15,7,ザン,
士,759,3,5,シ,
子,760,3,1,シ・ス,こ
支,761,4,5,シ,ささ:える
止,762,4,2,シ,と:まる・と:める
氏,763,4,4,シ,うじ
仕,764,5,3,シ・ジ,つか:える
史,765,5,5,シ,
司,766,5,4,シ,
四,767,5,1,シ,よ・よ:つ・よっ:つ・よん
市,768,5,2,シ,いち
矢,769,5,2,シ,や
旨,770,6,7,シ,むね
死,771,6,3,シ,し:ぬ
糸,772,6,1,シ,いと
至,773,6,6,シ,いた:る
伺,774,7,7,シ,うかが:う
志,775,7,5,シ,こころざ:す・こころざし
私,776,7,6,シ,わたくし・わたし
使,777,8,3,シ,つか:う
刺,778,8,7,シ,さ:す・さ:さる
始,779,8,3,シ,はじ:める・はじ:まる
姉,780,8,2,シ,あね
枝,781,8,5,シ,えだ
祉,782,8,7,シ,
肢,783,8,7,シ,
姿,784,9,6,シ,すがた
思,785,9,2,シ,おも:う
指,786,9,3,シ,ゆび・さ:す
施,787,9,7,シ・セ,ほどこ:す
師,788,10,5,シ,
恣,789,10,7,シ,
紙,790,10,2,シ,かみ
脂,791,10,7,シ,あぶら
視,792,11,6,シ,
紫,793,12,7,シ,むらさき
詞,794,12,6,シ,
歯,795,12,3,シ,は
嗣,796,13,7,シ,
試,797,13,4,シ,こころ:みる・ため:す
詩,798,13,3,シ,
資,799,13,5,シ,
飼,800,13,5,シ,か:う
誌,801,14,6,シ,
雌,802,14,7,シ,め・めす
摯,803,15,7,シ,
賜,804,15,7,シ,たまわ:る
諮,805,16,7,シ,はか:る
示,806,5,5,ジ・シ,しめ:す
字,807,6,1,ジ,あざ
寺,808,6,2,ジ,てら
次,809,6,3,ジ・シ,つ:ぐ・つぎ
耳,810,6,1,ジ,みみ
自,811,6,2,ジ・シ,みずか:ら
似,812,7,5,ジ,に:る
児,813,7,4,ジ・ニ,
事,814,8,3,ジ・ズ,こと
侍,815,8,7,ジ,さむらい
治,816,8,4,ジ・チ,おさ:める・おさ:まる・なお:る・なお:す
持,817,9,3,ジ,も:つ
時,818,10,2,ジ,とき
滋,819,12,4,ジ,
慈,820,13,7,ジ,いつく:しむ
辞,821,13,4,ジ,や:める
磁,822,14,6,ジ,
餌,823,15,7,ジ,えさ・え
璽,824,19,7,ジ,
鹿,825,11,4,,しか・か
式,826,6,3,シキ,
識,827,19,5,シキ,
軸,828,12,7,ジク,
七,829,2,1,シチ,なな・なな:つ・なの
叱,830,5,7,シツ,しか:る
失,831,5,4,シツ,うしな:う
室,832,9,2,シツ,むろ
疾,833,10,7,シツ,
執,834,11,7,シツ・シュウ,と:る
湿,835,12,7,シツ,しめ:る・しめ:す
嫉,836,13,7,シツ,
漆,837,14,7,シツ,うるし
質,838,15,5,シツ・シチ・チ,
実,839,8,3,ジツ,み・みの:る
芝,840,6,7,,しば
写,841,5,3,シャ,うつ:す・うつ:る
社,842,7,2,シャ,やしろ
車,843,7,1,シャ,くるま
舎,844,8,5,シャ,
者,845,8,3,シャ,もの
射,846,10,6,シャ,い:る
捨,847,11,6,シャ,す:てる
赦,848,11,7,シャ,
斜,849,11,7,シャ,なな:め
煮,850,12,7,シャ,に:る・に:える・に:やす
遮,851,14,7,シャ,さえぎ:る
謝,852,17,5,シャ,あやま:る
邪,853,8,7,ジャ,
蛇,854,11,7,ジャ・ダ,へび
尺,855,4,6,シャク,
借,856,10,4,シャク,か:りる
酌,857,10,7,シャク,く:む
釈,858,11,7,シャク,
爵,859,17,7,シャク,
若,860,8,6,ジャク・ニャク,わか:い・も:しくは
弱,861,10,2,ジャク,よわ:い・よわ:る・よわ:まる・よわ:める
寂,862,11,7,ジャク・セキ,さび・さび:しい・さび:れる
手,863,4,1,シュ,て・た
主,864,5,3,シュ・ス,ぬし・おも
守,865,6,3,シュ・ス,まも:る・も:り
朱,866,6,7,シュ,
取,867,8,3,シュ,と:る
狩,868,9,7,シュ,か:る・か:り
首,869,9,2,シュ,くび
殊,870,10,7,シュ,こと
珠,871,10,7,シュ,
酒,872,10,3,シュ,さけ・さか
腫,873,13,7,シュ,は:れる・は:らす
種,874,14,4,シュ,たね
趣,875,15,7,シュ,おもむき
寿,876,7,7,ジュ,ことぶき
受,877,8,3,ジュ,う:ける・う:かる
呪,878,8,7,ジュ,のろ:う
授,879,11,5,ジュ,さず:ける・さず:かる
需,880,14,7,ジュ,
儒,881,16,7,ジュ,
樹,882,16,6,ジュ,
収,883,4,6,シュウ,おさ:める・おさ:まる
囚,884,5,7,シュウ,
州,885,6,3,シュウ,す
舟,886,6,7,シュウ,ふね・ふな
秀,887,7,7,シュウ,ひい:でる
周,888,8,4,シュウ,まわ:り
宗,889,8,6,シュウ・ソウ,
拾,890,9,3,シュウ・ジュウ,ひろ:う
秋,891,9,2,シュウ,あき
臭,892,9,7,シュウ,くさ:い・にお:う
修,893,10,5,シュウ・シュ,おさ:める・おさ:まる
袖,894,10,7,シュウ,そで
終,895,11,3,シュウ,お:わる・お:える
羞,896,11,7,シュウ,
習,897,11,3,シュウ,なら:う
週,898,11,2,シュウ,
就,899,12,6,シュウ・ジュ,つ:く・つ:ける
衆,900,12,6,シュウ・シュ,
集,901,12,3,シュウ,あつ:まる・あつ:める・つど:う
愁,902,13,7,シュウ,うれ:える・うれ:い
酬,903,13,7,シュウ,
醜,904,17,7,シュウ,みにく:い
蹴,905,19,7,シュウ,け:る
襲,906,22,7,シュウ,おそ:う
十,907,2,1,ジュウ・ジッ,とお・と
汁,908,5,7,ジュウ,しる
充,909,6,7,ジュウ,あ:てる
住,910,7,3,ジュウ,す:む・す:まう
柔,911,9,7,ジュウ・ニュウ,やわ:らか・やわ:らかい
重,912,9,3,ジュウ・チョウ,え・おも:い・かさ:ねる・かさ:なる
従,913,10,6,ジュウ・ショウ・ジュ,したが:う・したが:える
渋,914,11,7,ジュウ,しぶ・しぶ:い・しぶ:る
銃,915,14,7,ジュウ,
獣,916,16,7,ジュウ,けもの
縦,917,16,6,ジュウ,たて
叔,918,8,7,シュク,
祝,919,9,4,シュク・シュウ,いわ:う
宿,920,11,3,シュク,やど・やど:る・やど:す
淑,921,11,7,シュク,
粛,922,11,7,シュク,
縮,923,17,6,シュク,ちぢ:む・ちぢ:まる・ちぢ:める・ちぢ:れる・ちぢ:らす
塾,924,14,7,ジュク,
熟,925,15,6,ジュク,う:れる
出,926,5,1,シュツ・スイ,で:る・だ:す
述,927,8,5,ジュツ,の:べる
術,928,11,5,ジュツ,
俊,929,9,7,シュン,
春,930,9,2,シュン,はる
瞬,931,18,7,シュン,またた:く
旬,932,6,7,ジュン・シュン,
巡,933,6,7,ジュン,めぐ:る
盾,934,9,7,ジュン,たて
准,935,10,7,ジュン,
殉,936,10,7,ジュン,
純,937,10,6,ジュン,
循,938,12,7,ジュン,
順,939,12,4,ジュン,
準,940,13,5,ジュン,
潤,941,15,7,ジュン,うるお:う・うるお:す・うる:む
遵,942,15,7,ジュン,
処,943,5,6,ショ,
初,944,7,4,ショ,はじ:め・はじ:めて・はつ・うい・そ:める
所,945,8,3,ショ,ところ
書,946,10,2,ショ,か:く
庶,947,11,7,ショ,
暑,948,12,3,ショ,あつ:い
署,949,13,6,ショ,
緒,950,14,7,ショ・チョ,お
諸,951,15,6,ショ,
女,952,3,1,ジョ・ニョ・ニョウ,おんな・め
如,953,6,7,ジョ・ニョ,
助,954,7,3,ジョ,たす:ける・たす:かる・すけ
序,955,7,5,ジョ,
叙,956,9,7,ジョ,
徐,957,10,7,ジョ,
除,958,10,6,ジョ・ジ,のぞ:く
小,959,3,1,ショウ,ちい:さい・こ・お
升,960,4,7,ショウ,ます
少,961,4,2,ショウ,すく:ない・すこ:し
召,962,5,7,ショウ,め:す
匠,963,6,7,ショウ,
床,964,7,7,ショウ,とこ・ゆか
抄,965,7,7,ショウ,
肖,966,7,7,ショウ,
尚,967,8,7,ショウ,
招,968,8,5,ショウ,まね:く
承,969,8,6,ショウ,うけたまわ:る
昇,970,8,7,ショウ,のぼ:る
松,971,8,4,ショウ,まつ
沼,972,8,7,ショウ,ぬま
昭,973,9,3,ショウ,
宵,974,10,7,ショウ,よい
将,975,10,6,ショウ,
消,976,10,3,ショウ,き:える・け:す
症,977,10,7,ショウ,
祥,978,10,7,ショウ,
称,979,10,7,ショウ,
笑,980,10,4,ショウ,わら:う・え:む
唱,981,11,4,ショウ,とな:える
商,982,11,3,ショウ,あきな:う
渉,983,11,7,ショウ,
章,984,11,3,ショウ,
紹,985,11,7,ショウ,
訟,986,11,7,ショウ,
勝,987,12,3,ショウ,か:つ・まさ:る
掌,988,12,7,ショウ,
晶,989,12,7,ショウ,
焼,990,12,4,ショウ,や:く・や:ける
焦,991,12,7,ショウ,こ:げる・こ:がす・こ:がれる・あせ:る
硝,992,12,7,ショウ,
粧,993,12,7,ショウ,
詔,994,12,7,ショウ,みことのり
証,995,12,5,ショウ,
象,996,12,5,ショウ・ゾウ,
傷,997,13,6,ショウ,きず・いた:む・いた:める
奨,998,13,7,ショウ,
照,999,13,4,ショウ,て:る・て:らす・て:れる
詳,1000,13,7,ショウ,くわ:しい
彰,1001,14,7,ショウ,
障,1002,14,6,ショウ,さわ:る
憧,1003,15,7,ショウ,あこが:れる
衝,1004,15,7,ショウ,
賞,1005,15,5,ショウ,
償,1006,17,7,ショウ,つぐな:う
礁,1007,17,7,ショウ,
鐘,1008,20,7,ショウ,かね
上,1009,3,1,ジョウ・ショウ,うえ・うわ・かみ・あ:げる・あ:がる・のぼ:る・のぼ:せる・のぼ:す
丈,1010,3,7,ジョウ,たけ
冗,1011,4,7,ジョウ,
条,1012,7,5,ジョウ,
状,1013,7,5,ジョウ,
乗,1014,9,3,ジョウ,の:る・の:せる
城,1015,9,4,ジョウ,しろ
浄,1016,9,7,ジョウ,
剰,1017,11,7,ジョウ,
常,1018,11,5,ジョウ,つね・とこ
情,1019,11,5,ジョウ・セイ,なさ:け
場,1020,12,2,ジョウ,ば
畳,1021,12,7,ジョウ,たた:む・たたみ
蒸,1022,13,6,ジョウ,む:す・む:れる・む:らす
縄,1023,15,4,ジョウ,なわ
壌,1024,16,7,ジョウ,
嬢,1025,16,7,ジョウ,
錠,1026,16,7,ジョウ,
譲,1027,20,7,ジョウ,ゆず:る
醸,1028,20,7,ジョウ,かも:す
色,1029,6,2,ショク・シキ,いろ
拭,1030,9,7,ショク,ふ:く・ぬぐ:う
食,1031,9,2,ショク・ジキ,く:う・く:らう・た:べる
植,1032,12,3,ショク,う:える・う:わる
殖,1033,12,7,ショク,ふ:える・ふ:やす
飾,1034,13,7,ショク,かざ:る
触,1035,13,7,ショク,ふ:れる・さわ:る
嘱,1036,15,7,ショク,
織,1037,18,5,ショク・シキ,お:る
職,1038,18,5,ショク,
辱,1039,10,7,ジョク,はずかし:める
尻,1040,5,7,,しり
心,1041,4,2,シン,こころ
申,1042,5,3,シン,もう:す
伸,1043,7,7,シン,の:びる・の:ばす・の:べる
臣,1044,7,4,シン・ジン,
芯,1045,7,7,シン,
身,1046,7,3,シン,み
辛,1047,7,7,シン,から:い
侵,1048,9,7,シン,おか:す
信,1049,9,4,シン,
津,1050,9,7,シン,つ
神,1051,9,3,シン・ジン,かみ・かん・こう
唇,1052,10,7,シン,くちびる
娠,1053,10,7,シン,
振,1054,10,7,シン,ふ:る・ふ:るう・ふ:れる
浸,1055,10,7,シン,ひた:す・ひた:る
真,1056,10,3,シン,ま
針,1057,10,6,シン,はり
深,1058,11,3,シン,ふか:い・ふか:まる・ふか:める
紳,1059,11,7,シン,
進,1060,11,3,シン,すす:む・すす:める
森,1061,12,1,シン,もり
診,1062,12,7,シン,み:る
寝,1063,13,7,シン,ね:る・ね:かす
慎,1064,13,7,シン,つつし:む
新,1065,13,2,シン,あたら:しい・あら:た・にい
審,1066,15,7,シン,
震,1067,15,7,シン,ふる:う・ふる:える
薪,1068,16,7,シン,たきぎ
親,1069,16,2,シン,おや・した:しい・した:しむ
人,1070,2,1,ジン・ニン,ひと
刃,1071,3,7,ジン,は
仁,1072,4,6,ジン・ニ,
尽,1073,6,7,ジン,つ:くす・つ:きる・つ:かす
迅,1074,6,7,ジン,
甚,1075,9,7,ジン,はなは:だ・はなは:だしい
陣,1076,10,7,ジン,
尋,1077,12,7,ジン,たず:ねる
腎,1078,13,7,ジン,
須,1079,12,7,ス,
図,1080,7,2,ズ・ト,はか:る
水,1081,4,1,スイ,みず
吹,1082,7,7,スイ,ふ:く
垂,1083,8,6,スイ,た:れる・た:らす
炊,1084,8,7,スイ,た:く
帥,1085,9,7,スイ,
粋,1086,10,7,スイ,いき
衰,1087,10,7,スイ,おとろ:える
推,1088,11,6,スイ,お:す
酔,1089,11,7,スイ,よ:う
遂,1090,12,7,スイ,と:げる
睡,1091,13,7,スイ,
穂,1092,15,7,スイ,ほ
随,1093,12,7,ズイ,
髄,1094,19,7,ズイ,
枢,1095,8,7,スウ,
崇,1096,11,7,スウ,
数,1097,13,2,スウ・ス,かず・かぞ:える
据,1098,11,7,,す:える・す:わる
杉,1099,7,7,,すぎ
裾,1100,13,7,,すそ
寸,1101,3,6,スン,
瀬,1102,19,7,,せ
是,1103,9,7,ゼ,
井,1104,4,4,セイ・ショウ,い
世,1105,5,3,セイ・セ,よ
正,1106,5,1,セイ・ショウ,ただ:しい・ただ:す・まさ
生,1107,5,1,セイ・ショウ,い:きる・い:かす・い:ける・う:まれる・う:む・お:う・は:える・は:やす・き・なま
成,1108,6,4,セイ・ジョウ,な:る・な:す
西,1109,6,2,セイ・サイ,にし
声,1110,7,2,セイ・ショウ,こえ・こわ
制,1111,8,5,セイ,
姓,1112,8,7,セイ・ショウ,
征,1113,8,7,セイ,
性,1114,8,5,セイ・ショウ,
青,1115,8,1,セイ・ショウ,あお・あお:い
斉,1116,8,7,セイ,
政,1117,9,5,セイ・ショウ,まつりごと
星,1118,9,2,セイ・ショウ,ほし
牲,1119,9,7,セイ,
省,1120,9,4,セイ・ショウ,かえり:みる・はぶ:く
凄,1121,10,7,セイ,
逝,1122,10,7,セイ,ゆ:く・い:く
清,1123,11,4,セイ・ショウ,きよ:い・きよ:まる・きよ:める
盛,1124,11,6,セイ・ジョウ,も:る・さか:る・さか:ん
婿,1125,12,7,セイ,むこ
晴,1126,12,2,セイ,は:れる・は:らす
勢,1127,13,5,セイ,いきお:い
聖,1128,13,6,セイ,
誠,1129,13,6,セイ,まこと
精,1130,14,5,セイ・ショウ,
製,1131,14,5,セイ,
誓,1132,14,7,セイ,ちか:う
静,1133,14,4,セイ・ジョウ,しず・しず:か・しず:まる・しず:める
請,1134,15,7,セイ・シン,こ:う・う:ける
整,1135,16,3,セイ,ととの:える・ととの:う
醒,1136,16,7,セイ,
税,1137,12,5,ゼイ,
夕,1138,3,1,セキ,ゆう
斥,1139,5,7,セキ,
石,1140,5,1,セキ・シャク・コク,いし
赤,1141,7,1,セキ・シャク,あか・あか:い・あか:らむ・あか:らめる
昔,1142,8,3,セキ・シャク,むかし
析,1143,8,7,セキ,
席,1144,10,4,セキ,
脊,1145,10,7,セキ,
隻,1146,10,7,セキ,
惜,1147,11,7,セキ,お:しい・お:しむ
戚,1148,11,7,セキ,
責,1149,11,5,セキ,せ:める
跡,1150,13,7,セキ,あと
積,1151,16,4,セキ,つ:む・つ:もる
績,1152,17,5,セキ,
籍,1153,20,7,セキ,
切,1154,4,2,セツ・サイ,き:る・き:れる
折,1155,7,4,セツ,お:る・おり・お:れる
拙,1156,8,7,セツ,つたな:い
窃,1157,9,7,セツ,
接,1158,11,5,セツ,つ:ぐ
設,1159,11,5,セツ,もう:ける
雪,1160,11,2,セツ,ゆき
摂,1161,13,7,セツ,
節,1162,13,4,セツ・セチ,ふし
説,1163,14,4,セツ・ゼイ,と:く
舌,1164,6,6,ゼツ,した
絶,1165,12,5,ゼツ,た:える・た:やす・た:つ
千,1166,3,1,セン,ち
川,1167,3,1,セン,かわ
仙,1168,5,7,セン,
占,1169,5,7,セン,し:める・うらな:う
先,1170,6,1,セン,さき
宣,1171,9,6,セン,
専,1172,9,6,セン,もっぱ:ら
泉,1173,9,6,セン,いずみ
浅,1174,9,4,セン,あさ:い
洗,1175,9,6,セン,あら:う
染,1176,9,6,セン,そ:める・そ:まる・し:みる・し:み
扇,1177,10,7,セン,おうぎ
栓,1178,10,7,セン,
旋,1179,11,7,セン,
船,1180,11,2,セン,ふね・ふな
戦,1181,13,4,セン,いくさ・たたか:う
煎,1182,13,7,セン,い:る
羨,1183,13,7,セン,うらや:む・うらや:ましい
腺,1184,13,7,セン,
詮,1185,13,7,セン,
践,1186,13,7,セン,
箋,1187,14,7,セン,
銭,1188,14,6,セン,ぜに
潜,1189,15,7,セン,ひそ:む・もぐ:る
線,1190,15,2,セン,
遷,1191,15,7,セン,
選,1192,15,4,セン,えら:ぶ
薦,1193,16,7,セン,すす:める
繊,1194,17,7,セン,
鮮,1195,17,7,セン,あざ:やか
全,1196,6,3,ゼン,まった:く・すべ:て
前,1197,9,2,ゼン,まえ
善,1198,12,6,ゼン,よ:い
然,1199,12,4,ゼン・ネン,
禅,1200,13,7,ゼン,
漸,1201,14,7,ゼン,
膳,1202,16,7,ゼン,
繕,1203,18,7,ゼン,つくろ:う
狙,1204,8,7,ソ,ねら:う
阻,1205,8,7,ソ,はば:む
祖,1206,9,5,ソ,
租,1207,10,7,ソ,
素,1208,10,5,ソ・ス,
措,1209,11,7,ソ,
粗,1210,11,7,ソ,あら:い
組,1211,11,2,ソ,く:む・くみ
疎,1212,12,7,ソ,うと:い・うと:む
訴,1213,12,7,ソ,うった:える
塑,1214,13,7,ソ,
遡,1215,14,7,ソ,さかのぼ:る
礎,1216,18,7,ソ,いしずえ
双,1217,4,7,ソウ,ふた
壮,1218,6,7,ソウ,
早,1219,6,1,ソウ・サッ,はや:い・はや:まる・はや:める
争,1220,6,4,ソウ,あらそ:う
走,1221,7,2,ソウ,はし:る
奏,1222,9,6,ソウ,かな:でる
相,1223,9,3,ソウ・ショウ,あい
荘,1224,9,7,ソウ,
草,1225,9,1,ソウ,くさ
送,1226,9,3,ソウ,おく:る
倉,1227,10,4,ソウ,くら
捜,1228,10,7,ソウ,さが:す
挿,1229,10,7,ソウ,さ:す
桑,1230,10,7,ソウ,くわ
巣,1231,11,4,ソウ,す
掃,1232,11,7,ソウ,は:く
曹,1233,11,7,ソウ,
曽,1234,11,7,ソウ・ゾ,
爽,1235,11,7,ソウ,さわ:やか
窓,1236,11,6,ソウ,まど
創,1237,12,6,ソウ,つく:る
喪,1238,12,7,ソウ,も
痩,1239,12,7,ソウ,や:せる
葬,1240,12,7,ソウ,ほうむ:る
装,1241,12,6,ソウ・ショウ,よそお:う
僧,1242,13,7,ソウ,
想,1243,13,3,ソウ・ソ,
層,1244,14,6,ソウ,
総,1245,14,5,ソウ,
遭,1246,14,7,ソウ,あ:う
槽,1247,15,7,ソウ,
踪,1248,15,7,ソウ,
操,1249,16,6,ソウ,みさお・あやつ:る
燥,1250,17,7,ソウ,
霜,1251,17,7,ソウ,しも
騒,1252,18,7,ソウ,さわ:ぐ
藻,1253,19,7,ソウ,も
造,1254,10,5,ゾウ,つく:る
像,1255,14,5,ゾウ,
増,1256,14,5,ゾウ,ま:す・ふ:える・ふ:やす
憎,1257,14,7,ゾウ,にく:む・にく:い・にく:らしい・にく:しみ
蔵,1258,15,6,ゾウ,くら
贈,1259,18,7,ゾウ・ソウ,おく:る
臓,1260,19,6,ゾウ,
即,1261,7,7,ソク,
束,1262,7,4,ソク,たば
足,1263,7,1,ソク,あし・た:りる・た:る・た:す
促,1264,9,7,ソク,うなが:す
則,1265,9,5,ソク,
息,1266,10,3,ソク,いき
捉,1267,10,7,ソク,とら:える
速,1268,10,3,ソク,はや:い・はや:める・はや:まる・すみ:やか
側,1269,11,4,ソク,がわ
測,1270,12,5,ソク,はか:る
俗,1271,9,7,ゾク,
族,1272,11,3,ゾク,
属,1273,12,5,ゾク,
賊,1274,13,7,ゾク,
続,1275,13,4,ゾク,つづ:く・つづ:ける
卒,1276,8,4,ソツ,
率,1277,11,5,ソツ・リツ,ひき:いる
存,1278,6,6,ソン・ゾン,
村,1279,7,1,ソン,むら
孫,1280,10,4,ソン,まご
尊,1281,12,6,ソン,たっと:い・とうと:い・たっと:ぶ・とうと:ぶ
損,1282,13,5,ソン,そこ:なう・そこ:ねる
遜,1283,14,7,ソン,
他,1284,5,3,タ,ほか
多,1285,6,2,タ,おお:い
汰,1286,7,7,タ,
打,1287,5,3,ダ,う:つ
妥,1288,7,7,ダ,
唾,1289,11,7,ダ,つば
堕,1290,12,7,ダ,
惰,1291,12,7,ダ,
駄,1292,14,7,ダ,
太,1293,4,2,タイ・タ,ふと:い・ふと:る
対,1294,7,3,タイ・ツイ,
体,1295,7,2,タイ・テイ,からだ
耐,1296,9,7,タイ,た:える
待,1297,9,3,タイ,ま:つ
怠,1298,9,7,タイ,おこた:る・なま:ける
胎,1299,9,7,タイ,
退,1300,9,6,タイ,しりぞ:く・しりぞ:ける
帯,1301,10,4,タイ,お:びる・おび
泰,1302,10,7,タイ,
堆,1303,11,7,タイ,
袋,1304,11,7,タイ,ふくろ
逮,1305,11,7,タイ,
替,1306,12,7,タイ,か:える・か:わる
貸,1307,12,5,タイ,か:す
隊,1308,12,4,タイ,
滞,1309,13,7,タイ,とどこお:る
態,1310,14,5,タイ,
戴,1311,17,7,タイ,
大,1312,3,1,ダイ・タイ,おお・おお:きい・おお:いに
代,1313,5,3,ダイ・タイ,か:わる・か:える・よ・しろ
台,1314,5,2,ダイ・タイ,
第,1315,11,3,ダイ,
題,1316,18,3,ダイ,
滝,1317,13,7,,たき
宅,1318,6,6,タク,
択,1319,7,7,タク,
沢,1320,7,7,タク,さわ
卓,1321,8,7,タク,
拓,1322,8,7,タク,
託,1323,10,7,タク,
濯,1324,17,7,タク,
諾,1325,15,7,ダク,
濁,1326,16,7,ダク,にご:る・にご:す
但,1327,7,7,,ただ:し
達,1328,12,4,タツ,
脱,1329,11,7,ダツ,ぬ:ぐ・ぬ:げる
奪,1330,14,7,ダツ,うば:う
棚,1331,12,7,,たな
誰,1332,15,7,,だれ
丹,1333,4,7,タン,
旦,1334,5,7,タン・ダン,
担,1335,8,6,タン,かつ:ぐ・にな:う
単,1336,9,4,タン,
炭,1337,9,3,タン,すみ
胆,1338,9,7,タン,
探,1339,11,6,タン,さぐ:る・さが:す
淡,1340,11,7,タン,あわ:い
短,1341,12,3,タン,みじか:い
嘆,1342,13,7,タン,なげ:く・なげ:かわしい
端,1343,14,7,タン,はし・は・はた
綻,1344,14,7,タン,ほころ:びる
誕,1345,15,6,タン,
鍛,1346,17,7,タン,きた:える
団,1347,6,5,ダン・トン,
男,1348,7,1,ダン・ナン,おとこ
段,1349,9,6,ダン,
断,1350,11,5,ダン,た:つ・ことわ:る
弾,1351,12,7,ダン,ひ:く・はず:む・たま
暖,1352,13,6,ダン,あたた:か・あたた:かい・あたた:まる・あたた:める
談,1353,15,3,ダン,
壇,1354,16,7,ダン・タン,
地,1355,6,2,チ・ジ,
池,1356,6,2,チ,いけ
知,1357,8,2,チ,し:る
値,1358,10,6,チ,ね・あたい
恥,1359,10,7,チ,は:じる・はじ・は:じらう・は:ずかしい
致,1360,10,7,チ,いた:す
遅,1361,12,7,チ,おく:れる・おく:らす・おそ:い
痴,1362,13,7,チ,
稚,1363,13,7,チ,
置,1364,13,4,チ,お:く
緻,1365,16,7,チ,
竹,1366,6,1,チク,たけ
畜,1367,10,7,チク,
逐,1368,10,7,チク,
蓄,1369,13,7,チク,たくわ:える
築,1370,16,5,チク,きず:く
秩,1371,10,7,チツ,
窒,1372,11,7,チツ,
茶,1373,9,2,チャ・サ,
着,1374,12,3,チャク・ジャク,き:る・き:せる・つ:く・つ:ける
嫡,1375,14,7,チャク,
中,1376,4,1,チュウ・ジュウ,なか
仲,1377,6,4,チュウ,なか
虫,1378,6,1,チュウ,むし
沖,1379,7,4,チュウ,おき
宙,1380,8,6,チュウ,
忠,1381,8,6,チュウ,
抽,1382,8,7,チュウ,
注,1383,8,3,チュウ,そそ:ぐ
昼,1384,9,2,チュウ,ひる
柱,1385,9,3,チュウ,はしら
衷,1386,10,7,チュウ,
酎,1387,10,7,チュウ,
鋳,1388,15,7,チュウ,い:る
駐,1389,15,7,チュウ,
著,1390,11,6,チョ,あらわ:す・いちじる:しい
貯,1391,12,5,チョ,
丁,1392,2,3,チョウ・テイ,
弔,1393,4,7,チョウ,とむら:う
庁,1394,5,6,チョウ,
兆,1395,6,4,チョウ,きざ:す・きざ:し
町,1396,7,1,チョウ,まち
長,1397,8,2,チョウ,なが:い
挑,1398,9,7,チョウ,いど:む
帳,1399,11,3,チョウ,
張,1400,11,5,チョウ,は:る
彫,1401,11,7,チョウ,ほ:る
眺,1402,11,7,チョウ,なが:める
釣,1403,11,7,チョウ,つ:る
頂,1404,11,6,チョウ,いただ:く・いただき
鳥,1405,11,2,チョウ,とり
朝,1406,12,2,チョウ,あさ
貼,1407,12,7,チョウ,は:る
超,1408,12,7,チョウ,こ:える・こ:す
腸,1409,13,6,チョウ,
跳,1410,13,7,チョウ,は:ねる・と:ぶ
徴,1411,14,7,チョウ,
嘲,1412,15,7,チョウ,あざけ:る
潮,1413,15,6,チョウ,しお
澄,1414,15,7,チョウ,す:む・す:ます
調,1415,15,3,チョウ,しら:べる・ととの:う・ととの:える
聴,1416,17,7,チョウ,き:く
懲,1417,18,7,チョウ,こ:りる・こ:らす・こ:らしめる
直,1418,8,2,チョク・ジキ,ただ:ちに・なお:す・なお:る
勅,1419,9,7,チョク,
捗,1420,10,7,チョク,
沈,1421,7,7,チン,しず:む・しず:める
珍,1422,9,7,チン,めずら:しい
朕,1423,10,7,チン,
陳,1424,11,7,チン,
賃,1425,13,6,チン,
鎮,1426,18,7,チン,しず:める・しず:まる
追,1427,9,3,ツイ,お:う
椎,1428,12,7,ツイ,
墜,1429,15,7,ツイ,
通,1430,10,2,ツウ・ツ,とお:る・とお:す・かよ:う
痛,1431,12,6,ツウ,いた:い・いた:む・いた:める
塚,1432,12,7,,つか
漬,1433,14,7,,つ:ける・つ:かる
坪,1434,8,7,,つぼ
爪,1435,4,7,,つめ・つま
鶴,1436,21,7,,つる
低,1437,7,4,テイ,ひく:い・ひく:める・ひく:まる
呈,1438,7,7,テイ,
廷,1439,7,7,テイ,
弟,1440,7,2,テイ・ダイ・デ,おとうと
定,1441,8,3,テイ・ジョウ,さだ:める・さだ:まる・さだ:か
底,1442,8,4,テイ,そこ
抵,1443,8,7,テイ,
邸,1444,8,7,テイ,
亭,1445,9,7,テイ,
貞,1446,9,7,テイ,
帝,1447,9,7,テイ,
訂,1448,9,7,テイ,
庭,1449,10,3,テイ,にわ
逓,1450,10,7,テイ,
停,1451,11,5,テイ,
偵,1452,11,7,テイ,
堤,1453,12,7,テイ,つつみ
提,1454,12,5,テイ,さ:げる
程,1455,12,5,テイ,ほど
艇,1456,13,7,テイ,
締,1457,15,7,テイ,し:まる・し:める
諦,1458,16,7,テイ,あきら:める
泥,1459,8,7,デイ,どろ
的,1460,8,4,テキ,まと
笛,1461,11,3,テキ,ふえ
摘,1462,14,7,テキ,つ:む
滴,1463,14,7,テキ,しずく・したた:る
適,1464,14,5,テキ,
敵,1465,15,6,テキ,かたき
溺,1466,13,7,デキ,おぼ:れる
迭,1467,8,7,テツ,
哲,1468,10,7,テツ,
鉄,1469,13,3,テツ,
徹,1470,15,7,テツ,
撤,1471,15,7,テツ,
天,1472,4,1,テン,あめ・あま
典,1473,8,4,テン,
店,1474,8,2,テン,みせ
点,1475,9,2,テン,
展,1476,10,6,テン,
添,1477,11,7,テン,そ:える・そ:う
転,1478,11,3,テン,ころ:がる・ころ:げる・ころ:がす・ころ:ぶ
田,1480,5,1,デン,た
伝,1481,6,4,デン,つた:わる・つた:える・つた:う
殿,1482,13,7,デン・テン,との・どの
電,1483,13,2,デン,
斗,1484,4,7,ト,
吐,1485,6,7,ト,は:く
妬,1486,8,7,ト,ねた:む
徒,1487,10,4,ト,
途,1488,10,7,ト,
都,1489,11,3,ト・ツ,みやこ
渡,1490,12,7,ト,わた:る・わた:す
塗,1491,13,7,ト,ぬ:る
賭,1492,16,7,ト,か:ける
土,1493,3,1,ド・ト,つち
奴,1494,5,7,ド,
努,1495,7,4,ド,つと:める
度,1496,9,3,ド・ト・タク,たび
怒,1497,9,7,ド,いか:る・おこ:る
刀,1498,2,2,トウ,かたな
冬,1499,5,2,トウ,ふゆ
灯,1500,6,4,トウ,ひ
当,1501,6,2,トウ,あ:たる・あ:てる
投,1502,7,3,トウ,な:げる
豆,1503,7,3,トウ・ズ,まめ
東,1504,8,2,トウ,ひがし
到,1505,8,7,トウ,
逃,1506,9,7,トウ,に:げる・に:がす・のが:す・のが:れる
倒,1507,10,7,トウ,たお:れる・たお:す
凍,1508,10,7,トウ,こお:る・こご:える
唐,1509,10,7,トウ,から
島,1510,10,3,トウ,しま
桃,1511,10,7,トウ,もも
討,1512,10,6,トウ,う:つ
透,1513,10,7,トウ,す:く・す:かす・す:ける
党,1514,10,6,トウ,
悼,1515,11,7,トウ,いた:む
盗,1516,11,7,トウ,ぬす:む
陶,1517,11,7,トウ,
塔,1518,12,7,トウ,
搭,1519,12,7,トウ,
棟,1520,12,7,トウ,むね・むな
湯,1521,12,3,トウ,ゆ
痘,1522,12,7,トウ,
登,1523,12,3,トウ・ト,のぼ:る
答,1524,12,2,トウ,こた:える・こた:え
等,1525,12,3,トウ,ひと:しい
筒,1526,12,7,トウ,つつ
統,1527,12,5,トウ,す:べる
稲,1528,14,7,トウ,いね・いな
踏,1529,15,7,トウ,ふ:む・ふ:まえる
糖,1530,16,6,トウ,
頭,1531,16,2,トウ・ズ・ト,あたま・かしら
謄,1532,17,7,トウ,
藤,1533,18,7,トウ,ふじ
闘,1534,18,7,トウ,たたか:う
騰,1535,20,7,トウ,
同,1536,6,2,ドウ,おな:じ
洞,1537,9,7,ドウ,ほら
胴,1538,10,7,ドウ,
動,1539,11,3,ドウ,うご:く・うご:かす
堂,1540,11,5,ドウ,
童,1541,12,3,ドウ,わらべ
道,1542,12,2,ドウ・トウ,みち
働,1543,13,4,ドウ,はたら:く
銅,1544,14,5,ドウ,
導,1545,15,5,ドウ,みちび:く
瞳,1546,17,7,ドウ,ひとみ
峠,1547,9,7,,とうげ
匿,1548,10,7,トク,
特,1549,10,4,トク,
得,1550,11,5,トク,え:る・う:る
督,1551,13,7,トク,
徳,1552,14,4,トク,
篤,1553,16,7,トク,
毒,1554,8,5,ドク,
独,1555,9,5,ドク,ひと:り
読,1556,14,2,ドク・トク・トウ,よ:む
栃,1557,9,4,,とち
凸,1558,5,7,トツ,
突,1559,8,7,トツ,つ:く
届,1560,8,6,,とど:ける・とど:く
屯,1561,4,7,トン,
豚,1562,11,7,トン,ぶた
頓,1563,13,7,トン,
貪,1564,11,7,ドン,むさぼ:る
鈍,1565,12,7,ドン,にぶ:い・にぶ:る
曇,1566,16,7,ドン,くも:る
丼,1567,5,7,,どんぶり・どん
那,1568,7,7,ナ,
奈,1569,8,4,ナ,
内,1570,4,2,ナイ・ダイ,うち
梨,1571,11,4,,なし
謎,1572,17,7,,なぞ
鍋,1573,17,7,,なべ
南,1574,9,2,ナン・ナ,みなみ
軟,1575,11,7,ナン,やわ:らか・やわ:らかい
難,1576,18,6,ナン,かた:い・むずか:しい
二,1577,2,1,ニ,ふた・ふた:つ
尼,1578,5,7,ニ,あま
弐,1579,6,7,ニ,
匂,1580,4,7,,にお:う
肉,1581,6,2,ニク,
虹,1582,9,7,,にじ
日,1583,4,1,ニチ・ジツ,ひ・か
入,1584,2,1,ニュウ,い:る・い:れる・はい:る
乳,1585,8,6,ニュウ,ちち・ち
尿,1586,7,7,ニョウ,
任,1587,6,5,ニン,まか:せる・まか:す
妊,1588,7,7,ニン,
忍,1589,7,7,ニン,しの:ぶ・しの:ばせる
認,1590,14,6,ニン,みと:める
寧,1591,14,7,ネイ,
熱,1592,15,4,ネツ,あつ:い
年,1593,6,1,ネン,とし
念,1594,8,4,ネン,
捻,1595,11,7,ネン,
粘,1596,11,7,ネン,ねば:る
燃,1597,16,5,ネン,も:える・も:やす・も:す
悩,1598,10,7,ノウ,なや:む・なや:ます
納,1599,10,6,ノウ・ナッ・ナ・ナン・トウ,おさ:める・おさ:まる
能,1600,10,5,ノウ,
脳,1601,11,6,ノウ,
農,1602,13,3,ノウ,
濃,1603,16,7,ノウ,こ:い
把,1604,7,7,ハ,
波,1605,8,3,ハ,なみ
派,1606,9,6,ハ,
破,1607,10,5,ハ,やぶ:る・やぶ:れる
覇,1608,19,7,ハ,
馬,1609,10,2,バ,うま・ま
婆,1610,11,7,バ,
罵,1611,15,7,バ,ののし:る
拝,1612,8,6,ハイ,おが:む
杯,1613,8,7,ハイ,さかずき
背,1614,9,6,ハイ,せ・せい・そむ:く・そむ:ける
肺,1615,9,6,ハイ,
俳,1616,10,6,ハイ,
配,1617,10,3,ハイ,くば:る
排,1618,11,7,ハイ,
敗,1619,11,4,ハイ,やぶ:れる
廃,1620,12,7,ハイ,すた:れる・すた:る
輩,1621,15,7,ハイ,
売,1622,7,2,バイ,う:る・う:れる
倍,1623,10,3,バイ,
梅,1624,10,4,バイ,うめ
培,1625,11,7,バイ,つちか:う
陪,1626,11,7,バイ,
媒,1627,12,7,バイ,
買,1628,12,2,バイ,か:う
賠,1629,15,7,バイ,
白,1630,5,1,ハク・ビャク,しろ・しら・しろ:い
伯,1631,7,7,ハク,
拍,1632,8,7,ハク・ヒョウ,
泊,1633,8,7,ハク,と:まる・と:める
迫,1634,8,7,ハク,せま:る
剝,1635,10,7,ハク,は:がす・は:ぐ・は:がれる・は:げる
舶,1636,11,7,ハク,
博,1637,12,4,ハク・バク,
薄,1638,16,7,ハク,うす:い・うす:める・うす:まる・うす:らぐ・うす:れる
麦,1639,7,2,バク,むぎ
漠,1640,13,7,バク,
縛,1641,16,7,バク,しば:る
爆,1642,19,7,バク,
箱,1643,15,3,,はこ
箸,1644,15,7,,はし
畑,1645,9,3,,はた・はたけ
肌,1646,6,7,,はだ
八,1647,2,1,ハチ,や・や:つ・やっ:つ・よう
鉢,1648,13,7,ハチ・ハツ,
発,1649,9,3,ハツ・ホツ,
髪,1650,14,7,ハツ,かみ
伐,1651,6,7,バツ,
抜,1652,7,7,バツ,ぬ:く・ぬ:ける・ぬ:かす・ぬ:かる
罰,1653,14,7,バツ・バチ,
閥,1654,14,7,バツ,
反,1655,4,3,ハン・ホン・タン,そ:る・そ:らす
半,1656,5,2,ハン,なか:ば
氾,1657,5,7,ハン,
犯,1658,5,5,ハン,おか:す
帆,1659,6,7,ハン,ほ
汎,1660,6,7,ハン,
伴,1661,7,7,ハン・バン,ともな:う
判,1662,7,5,ハン・バン,
坂,1663,7,3,ハン,さか
阪,1664,7,4,ハン,
板,1665,8,3,ハン・バン,いた
版,1666,8,5,ハン,
班,1667,10,6,ハン,
畔,1668,10,7,ハン,
般,1669,10,7,ハン,
販,1670,11,7,ハン,
斑,1671,12,7,ハン,
飯,1672,12,4,ハン,めし
搬,1673,13,7,ハン,
煩,1674,13,7,ハン・ボン,わずら:う・わずら:わす
頒,1675,13,7,ハン,
範,1676,15,7,ハン,
繁,1677,16,7,ハン,
藩,1678,18,7,ハン,
晩,1679,12,6,バン,
番,1680,12,2,バン,
蛮,1681,12,7,バン,
盤,1682,15,7,バン,
比,1683,4,5,ヒ,くら:べる
皮,1684,5,3,ヒ,かわ
妃,1685,6,7,ヒ,
否,1686,7,6,ヒ,いな
批,1687,7,6,ヒ,
彼,1688,8,7,ヒ,かれ・かの
披,1689,8,7,ヒ,
肥,1690,8,5,ヒ,こ:える・こえ・こ:やす・こ:やし
非,1691,8,5,ヒ,
卑,1692,9,7,ヒ,いや:しい・いや:しむ・いや:しめる
飛,1693,9,4,ヒ,と:ぶ・と:ばす
疲,1694,10,7,ヒ,つか:れる
秘,1695,10,6,ヒ,ひ:める
被,1696,10,7,ヒ,こうむ:る
悲,1697,12,3,ヒ,かな:しい・かな:しむ
扉,1698,12,7,ヒ,とびら
費,1699,12,5,ヒ,つい:やす・つい:える
碑,1700,14,7,ヒ,
罷,1701,15,7,ヒ,
避,1702,16,7,ヒ,さ:ける
尾,1703,7,7,ビ,お
眉,1704,9,7,ビ・ミ,まゆ
美,1705,9,3,ビ,うつく:しい
備,1706,12,5,ビ,そな:える・そな:わる
微,1707,13,7,ビ,
鼻,1708,14,3,ビ,はな
膝,1709,15,7,,ひざ
肘,1710,7,7,,ひじ
匹,1711,4,7,ヒツ,ひき
必,1712,5,4,ヒツ,かなら:ず
泌,1713,8,7,ヒツ・ヒ,
筆,1714,12,3,ヒツ,ふで
姫,1715,10,7,,ひめ
百,1716,6,1,ヒャク,
氷,1717,5,3,ヒョウ,こおり・ひ
表,1718,8,3,ヒョウ,おもて・あらわ:す・あらわ:れる
俵,1719,10,6,ヒョウ,たわら
票,1720,11,4,ヒョウ,
評,1721,12,5,ヒョウ,
漂,1722,14,7,ヒョウ,ただよ:う
標,1723,15,4,ヒョウ,
苗,1724,8,7,ビョウ,なえ・なわ
秒,1725,9,3,ビョウ,
病,1726,10,3,ビョウ・ヘイ,や:む・やまい
描,1727,11,7,ビョウ,えが:く・か:く
猫,1728,11,7,ビョウ,ねこ
品,1729,9,3,ヒン,しな
浜,1730,10,7,ヒン,はま
貧,1731,11,5,ヒン・ビン,まず:しい
賓,1732,15,7,ヒン,
頻,1733,17,7,ヒン,
敏,1734,10,7,ビン,
瓶,1735,11,7,ビン,
不,1736,4,4,フ・ブ,
夫,1737,4,4,フ・フウ,おっと
父,1738,4,2,フ,ちち
付,1739,5,4,フ,つ:ける・つ:く
布,1740,5,5,フ,ぬの
扶,1741,7,7,フ,
府,1742,8,4,フ,
怖,1743,8,7,フ,こわ:い
阜,1744,8,4,フ,
附,1745,8,7,フ,
訃,1746,9,7,フ,
負,1747,9,3,フ,ま:ける・ま:かす・お:う
赴,1748,9,7,フ,おもむ:く
浮,1749,10,7,フ,う:く・う:かれる・う:かぶ・う:かべる
婦,1750,11,5,フ,
符,1751,11,7,フ,
富,1752,12,4,フ・フウ,と:む・とみ
普,1753,12,7,フ,
腐,1754,14,7,フ,くさ:る・くさ:れる・くさ:らす
敷,1755,15,7,フ,し:く
膚,1756,15,7,フ,
賦,1757,15,7,フ,
譜,1758,19,7,フ,
侮,1759,8,7,ブ,あなど:る
武,1760,8,5,ブ・ム,
部,1761,11,3,ブ,
舞,1762,15,7,ブ,ま:う・まい
封,1763,9,7,フウ・ホウ,
風,1764,9,2,フウ・フ,かぜ・かざ
伏,1765,6,7,フク,ふ:せる・ふ:す
服,1766,8,3,フク,
副,1767,11,4,フク,
幅,1768,12,7,フク,はば
復,1769,12,5,フク,
福,1770,13,3,フク,
腹,1771,13,6,フク,はら
複,1772,14,5,フク,
覆,1773,18,7,フク,おお:う・くつがえ:す・くつがえ:る
払,1774,5,7,フツ,はら:う
沸,1775,8,7,フツ,わ:く・わ:かす
仏,1776,4,5,ブツ,ほとけ
物,1777,8,3,ブツ・モツ,もの
粉,1778,10,5,フン,こ・こな
紛,1779,10,7,フン,まぎ:れる・まぎ:らす・まぎ:らわす・まぎ:らわしい
雰,1780,12,7,フン,
噴,1781,15,7,フン,ふ:く
墳,1782,15,7,フン,
憤,1783,15,7,フン,いきどお:る
奮,1784,16,6,フン,ふる:う
分,1785,4,2,ブン・フン・ブ,わ:ける・わ:かれる・わ:かる・わ:かつ
文,1786,4,1,ブン・モン,ふみ
聞,1787,14,2,ブン・モン,き:く・き:こえる
丙,1788,5,7,ヘイ,
平,1789,5,3,ヘイ・ビョウ,たい:ら・ひら
兵,1790,7,4,ヘイ・ヒョウ,
併,1791,8,7,ヘイ,あわ:せる
並,1792,8,6,ヘイ,なみ・なら:べる・なら:ぶ・なら:びに
柄,1793,9,7,ヘイ,がら・え
陛,1794,10,6,ヘイ,
閉,1795,11,6,ヘイ,と:じる・と:ざす・し:める・し:まる
塀,1796,12,7,ヘイ,
幣,1797,15,7,ヘイ,
弊,1798,15,7,ヘイ,
蔽,1799,15,7,ヘイ,
餅,1800,15,7,ヘイ,もち
米,1801,6,2,ベイ・マイ,こめ
壁,1802,16,7,ヘキ,かべ
璧,1803,18,7,ヘキ,
癖,1804,18,7,ヘキ,くせ
別,1805,7,4,ベツ,わか:れる
蔑,1806,14,7,ベツ,さげす:む
片,1807,4,6,ヘン,かた
辺,1808,5,4,ヘン,あた:り・べ
返,1809,7,3,ヘン,かえ:す・かえ:る
変,1810,9,4,ヘン,か:わる・か:える
偏,1811,11,7,ヘン,かたよ:る
遍,1812,12,7,ヘン,
編,1813,15,5,ヘン,あ:む
弁,1814,5,5,ベン,
便,1815,9,4,ベン・ビン,たよ:り
勉,1816,10,3,ベン,
歩,1817,8,2,ホ・ブ・フ,ある:く・あゆ:む
保,1818,9,5,ホ,たも:つ
哺,1819,10,7,ホ,
捕,1820,10,7,ホ,と:らえる・と:らわれる・と:る・つか:まえる・つか:まる
補,1821,12,6,ホ,おぎな:う
舗,1822,15,7,ホ,
母,1823,5,2,ボ,はは
募,1824,12,7,ボ,つの:る
墓,1825,13,5,ボ,はか
慕,1826,14,7,ボ,した:う
暮,1827,14,6,ボ,く:れる・く:らす
簿,1828,19,7,ボ,
方,1829,4,2,ホウ,かた
包,1830,5,4,ホウ,つつ:む
芳,1831,7,7,ホウ,かんば:しい
邦,1832,7,7,ホウ,
奉,1833,8,7,ホウ・ブ,たてまつ:る
宝,1834,8,6,ホウ,たから
抱,1835,8,7,ホウ,だ:く・いだ:く・かか:える
放,1836,8,3,ホウ,はな:す・はな:つ・はな:れる・ほう:る
法,1837,8,4,ホウ・ハッ・ホッ,
泡,1838,8,7,ホウ,あわ
胞,1839,9,7,ホウ,
俸,1840,10,7,ホウ,
倣,1841,10,7,ホウ,なら:う
峰,1842,10,7,ホウ,みね
砲,1843,10,7,ホウ,
崩,1844,11,7,ホウ,くず:れる・くず:す
訪,1845,11,6,ホウ,おとず:れる・たず:ねる
報,1846,12,5,ホウ,むく:いる
蜂,1847,13,7,ホウ,はち
豊,1848,13,5,ホウ,ゆた:か
飽,1849,13,7,ホウ,あ:きる・あ:かす
褒,1850,15,7,ホウ,ほ:める
縫,1851,16,7,ホウ,ぬ:う
亡,1852,3,6,ボウ・モウ,な:い
乏,1853,4,7,ボウ,とぼ:しい
忙,1854,6,7,ボウ,いそが:しい
坊,1855,7,7,ボウ・ボッ,
妨,1856,7,7,ボウ,さまた:げる
忘,1857,7,6,ボウ,わす:れる
防,1858,7,5,ボウ,ふせ:ぐ
房,1859,8,7,ボウ,ふさ
肪,1860,8,7,ボウ,
某,1861,9,7,ボウ,
冒,1862,9,7,ボウ,おか:す
剖,1863,10,7,ボウ,
紡,1864,10,7,ボウ,つむ:ぐ
望,1865,11,4,ボウ・モウ,のぞ:む
傍,1866,12,7,ボウ,かたわ:ら
帽,1867,12,7,ボウ,
棒,1868,12,6,ボウ,
貿,1869,12,5,ボウ,
貌,1870,14,7,ボウ,
暴,1871,15,5,ボウ・バク,あば:く・あば:れる
膨,1872,16,7,ボウ,ふく:らむ・ふく:れる
謀,1873,16,7,ボウ・ム,はか:る
頰,1874,16,7,,ほお
北,1875,5,2,ホク,きた
木,1876,4,1,ボク・モク,き・こ
朴,1877,6,7,ボク,
牧,1878,8,4,ボク,まき
睦,1879,13,7,ボク,
僕,1880,14,7,ボク,
墨,1881,14,7,ボク,すみ
撲,1882,15,7,ボク,
没,1883,7,7,ボツ,
勃,1884,9,7,ボツ,
堀,1885,11,7,,ほり
本,1886,5,1,ホン,もと
奔,1887,8,7,ホン,
翻,1888,18,7,ホン,ひるがえ:る・ひるがえ:す
凡,1889,3,7,ボン・ハン,
盆,1890,9,7,ボン,
麻,1891,11,7,マ,あさ
摩,1892,15,7,マ,
磨,1893,16,7,マ,みが:く
魔,1894,21,7,マ,
毎,1895,6,2,マイ,
妹,1896,8,2,マイ,いもうと
枚,1897,8,6,マイ,
昧,1898,9,7,マイ,
埋,1899,10,7,マイ,う:める・う:まる・う:もれる
幕,1900,13,6,マク・バク,
膜,1901,14,7,マク,
枕,1902,8,7,,まくら
又,1903,2,7,,また
末,1904,5,4,マツ・バツ,すえ
抹,1905,8,7,マツ,
万,1906,3,2,マン・バン,
満,1907,12,4,マン,み:ちる・み:たす
慢,1908,14,7,マン,
漫,1909,14,7,マン,
未,1910,5,4,ミ,
味,1911,8,3,ミ,あじ・あじ:わう
魅,1912,15,7,ミ,
岬,1913,8,7,,みさき
密,1914,11,6,ミツ,
蜜,1915,14,7,ミツ,
脈,1916,10,5,ミャク,
妙,1917,7,7,ミョウ,
民,1918,5,4,ミン,たみ
眠,1919,10,7,ミン,ねむ:る・ねむ:い
矛,1920,5,7,ム,ほこ
務,1921,11,5,ム,つと:める・つと:まる
無,1922,12,4,ム・ブ,な:い
夢,1923,13,5,ム,ゆめ
霧,1924,19,7,ム,きり
娘,1925,10,7,,むすめ
名,1926,6,1,メイ・ミョウ,な
命,1927,8,3,メイ・ミョウ,いのち
明,1928,8,2,メイ・ミョウ,あ:かり・あか:るい・あか:るむ・あか:らむ・あき:らか・あ:ける・あ:く・あ:くる・あ:かす
迷,1929,9,5,メイ,まよ:う
冥,1930,10,7,メイ・ミョウ,
盟,1931,13,6,メイ,
銘,1932,14,7,メイ,
鳴,1933,14,2,メイ,な:く・な:る・な:らす
滅,1934,13,7,メツ,ほろ:びる・ほろ:ぼす
免,1935,8,7,メン,まぬか:れる
面,1936,9,3,メン,おも・おもて・つら
綿,1937,14,5,メン,わた
麺,1938,16,7,メン,
茂,1939,8,7,モ,しげ:る
模,1940,14,6,モ・ボ,
毛,1941,4,2,モウ,け
妄,1942,6,7,モウ・ボウ,
盲,1943,8,7,モウ,
耗,1944,10,7,モウ・コウ,
猛,1945,11,7,モウ,
網,1946,14,7,モウ,あみ
目,1947,5,1,モク・ボク,め・ま
黙,1948,15,7,モク,だま:る
門,1949,8,2,モン,かど
紋,1950,10,7,モン,
問,1951,11,3,モン,と:う・と:い・とん
冶,1952,7,7,ヤ,
夜,1953,8,2,ヤ,よ・よる
野,1954,11,2,ヤ,の
弥,1955,8,7,,や
厄,1956,4,7,ヤク,
役,1957,7,3,ヤク・エキ,
約,1958,9,4,ヤク,
訳,1959,11,6,ヤク,わけ
薬,1960,16,3,ヤク,くすり
躍,1961,21,7,ヤク,おど:る
闇,1962,17,7,,やみ
由,1963,5,3,ユ・ユウ・ユイ,よし
油,1964,8,3,ユ,あぶら
喩,1965,12,7,ユ,
愉,1966,12,7,ユ,
諭,1967,16,7,ユ,さと:す
輸,1968,16,5,ユ,
癒,1969,18,7,ユ,い:える・い:やす
唯,1970,11,7,ユイ・イ,
友,1971,4,2,ユウ,とも
有,1972,6,3,ユウ・ウ,あ:る
勇,1973,9,4,ユウ,いさ:む
幽,1974,9,7,ユウ,
悠,1975,11,7,ユウ,
郵,1976,11,6,ユウ,
湧,1977,12,7,ユウ,わ:く
猶,1978,12,7,ユウ,
裕,1979,12,7,ユウ,
遊,1980,12,3,ユウ・ユ,あそ:ぶ
雄,1981,12,7,ユウ,お・おす
誘,1982,14,7,ユウ,さそ:う
憂,1983,15,7,ユウ,うれ:える・うれ:い・う:い
融,1984,16,7,ユウ,
優,1985,17,6,ユウ,やさ:しい・すぐ:れる
与,1986,3,7,ヨ,あた:える
予,1987,4,3,ヨ,
余,1988,7,5,ヨ,あま:る・あま:す
誉,1989,13,7,ヨ,ほま:れ
預,1990,13,6,ヨ,あず:ける・あず:かる
幼,1991,5,6,ヨウ,おさな:い
用,1992,5,2,ヨウ,もち:いる
羊,1993,6,3,ヨウ,ひつじ
妖,1994,7,7,ヨウ,あや:しい
洋,1995,9,3,ヨウ,
要,1996,9,4,ヨウ,かなめ・い:る
容,1997,10,5,ヨウ,
庸,1998,11,7,ヨウ,
揚,1999,12,7,ヨウ,あ:げる・あ:がる
揺,2000,12,7,ヨウ,ゆ:れる・ゆ:る・ゆ:らぐ・ゆ:るぐ・ゆ:する・ゆ:さぶる・ゆ:すぶる
葉,2001,12,3,ヨウ,は
陽,2002,12,3,ヨウ,
溶,2003,13,7,ヨウ,と:ける・と:かす・と:く
腰,2004,13,7,ヨウ,こし
様,2005,14,3,ヨウ,さま
瘍,2006,14,7,ヨウ,
踊,2007,14,7,ヨウ,おど:る・おど:り
窯,2008,15,7,ヨウ,かま
養,2009,15,4,ヨウ,やしな:う
擁,2010,16,7,ヨウ,
謡,2011,16,7,ヨウ,うたい・うた:う
曜,2012,18,2,ヨウ,
抑,2013,7,7,ヨク,おさ:える
沃,2014,7,7,ヨク,
浴,2015,10,4,ヨク,あ:びる・あ:びせる
欲,2016,11,6,ヨク,ほっ:する・ほ:しい
翌,2017,11,6,ヨク,
翼,2018,17,7,ヨク,つばさ
拉,2019,8,7,ラ,
裸,2020,13,7,ラ,はだか
羅,2021,19,7,ラ,
来,2022,7,2,ライ,く:る・きた:る・きた:す
雷,2023,13,7,ライ,かみなり
頼,2024,16,7,ライ,たの:む・たの:もしい・たよ:る
絡,2025,12,7,ラク,から:む・から:まる・から:める
落,2026,12,3,ラク,お:ちる・お:とす
酪,2027,13,7,ラク,
辣,2028,14,7,ラツ,
乱,2029,7,6,ラン,みだ:れる・みだ:す
卵,2030,7,6,ラン,たまご
覧,2031,17,6,ラン,
濫,2032,18,7,ラン,
藍,2033,18,7,ラン,あい
欄,2034,20,7,ラン,
吏,2035,6,7,リ,
利,2036,7,4,リ,き:く
里,2037,7,2,リ,さと
理,2038,11,2,リ,
痢,2039,12,7,リ,
裏,2040,13,6,リ,うら
履,2041,15,7,リ,は:く
璃,2042,15,7,リ,
離,2043,19,7,リ,はな:れる・はな:す
陸,2044,11,4,リク,
立,2045,5,1,リツ・リュウ,た:つ・た:てる
律,2046,9,6,リツ・リチ,
慄,2047,13,7,リツ,
略,2048,11,5,リャク,
柳,2049,9,7,リュウ,やなぎ
流,2050,10,3,リュウ・ル,なが:れる・なが:す
留,2051,10,5,リュウ・ル,と:める・と:まる
竜,2052,10,7,リュウ,たつ
粒,2053,11,7,リュウ,つぶ
隆,2054,11,7,リュウ,
硫,2055,12,7,リュウ,
侶,2056,9,7,リョ,
旅,2057,10,3,リョ,たび
虜,2058,13,7,リョ,
慮,2059,15,7,リョ,
了,2060,2,7,リョウ,
両,2061,6,3,リョウ,
良,2062,7,4,リョウ,よ:い
料,2063,10,4,リョウ,
涼,2064,11,7,リョウ,すず:しい・すず:む
猟,2065,11,7,リョウ,
陵,2066,11,7,リョウ,みささぎ
量,2067,12,4,リョウ,はか:る
僚,2068,14,7,リョウ,
領,2069,14,5,リョウ,
寮,2070,15,7,リョウ,
療,2071,17,7,リョウ,
瞭,2072,17,7,リョウ,
糧,2073,18,7,リョウ・ロウ,かて
力,2074,2,1,リョク・リキ,ちから
緑,2075,14,3,リョク・ロク,みどり
林,2076,8,1,リン,はやし
厘,2077,9,7,リン,
倫,2078,10,7,リン,
輪,2079,15,4,リン,わ
隣,2080,16,7,リン,とな:る・となり
臨,2081,18,6,リン,のぞ:む
瑠,2082,14,7,ル,
涙,2083,10,7,ルイ,なみだ
累,2084,11,7,ルイ,
塁,2085,12,7,ルイ,
類,2086,18,4,ルイ,たぐ:い
令,2087,5,4,レイ,
礼,2088,5,3,レイ・ライ,
冷,2089,7,4,レイ,つめ:たい・ひ:える・ひ:や・ひ:やす・ひ:やかす・さ:める・さ:ます
励,2090,7,7,レイ,はげ:む・はげ:ます
戻,2091,7,7,レイ,もど:す・もど:る
例,2092,8,4,レイ,たと:える
鈴,2093,13,7,レイ・リン,すず
零,2094,13,7,レイ,
霊,2095,15,7,レイ・リョウ,たま
隷,2096,16,7,レイ,
齢,2097,17,7,レイ,
麗,2098,19,7,レイ,うるわ:しい
暦,2099,14,7,レキ,こよみ
歴,2100,14,5,レキ,
列,2101,6,3,レツ,
劣,2102,6,7,レツ,おと:る
烈,2103,10,7,レツ,
裂,2104,12,7,レツ,さ:く・さ:ける
恋,2105,10,7,レン,こ:う・こい・こい:しい
連,2106,10,4,レン,つら:なる・つら:ねる・つ:れる
廉,2107,13,7,レン,
練,2108,14,3,レン,ね:る
錬,2109,16,7,レン,
呂,2110,7,7,ロ,
炉,2111,8,7,ロ,
賂,2112,13,7,ロ,
路,2113,13,3,ロ,じ
露,2114,21,7,ロ・ロウ,つゆ
老,2115,6,4,ロウ,お:いる・ふ:ける
労,2116,7,4,ロウ,
弄,2117,7,7,ロウ,もてあそ:ぶ
郎,2118,9,7,ロウ,
朗,2119,10,6,ロウ,ほが:らか
浪,2120,10,7,ロウ,
廊,2121,12,7,ロウ,
楼,2122,13,7,ロウ,
漏,2123,14,7,ロウ,も:る・も:れる・も:らす
籠,2124,22,7,ロウ,かご・こ:もる
六,2125,4,1,ロク,む・む:つ・むっ:つ・むい
録,2126,16,4,ロク,
麓,2127,19,7,ロク,ふもと
論,2128,15,6,ロン,
和,2129,8,3,ワ・オ,やわ:らぐ・やわ:らげる・なご:む・なご:やか
話,2130,13,2,ワ,はな:す・はなし
賄,2131,13,7,ワイ,まかな:う
脇,2132,10,7,,わき
惑,2133,12,7,ワク,まど:う
枠,2134,8,7,,わく
湾,2135,12,7,ワン,
腕,2136,12,7,ワン,うで
